subreddit,category,available_40000_top_subreddits
/r/Incels,Incels,true
/r/Braincels,Incels,true
r/askanincel,Incels,true
r/BlackPillScience,Incels,true
r/IncelsWithoutHate,Incels,true
r/ForeverAlone,Incels,true
/r/Malecels,Incels,false
/r/MaleForeverAlone,Incels,false
/r/1ncels,Incels,false
/r/IncelsPurgatory,Incels,false
/r/Truecels,Incels,false
/r/IncelBrotherhood,Incels,false
/r/LonelyNonViolentMen,Incels,false
/r/Foreveraloneteens,Incels,true
/r/ForeverAloneLondon,Incels,false
/r/gaycel,Incels,false
/r/incelselfies,Incels,true
/r/gymcels,Incels,false
/r/ForeverUnwanted,Incels,true
/r/IncelDense,Incels,false
/r/SupportCel,Incels,false
/r/ForeverAloneDating,Incels,true
/r/Truefemcels,Incels,false
